usageKey,scientificName,canonicalName,rank,status,confidence,matchType,kingdom,phylum,family,genus,species,kingdomKey,phylumKey,classKey,familyKey,genusKey,speciesKey,synonym,class,acceptedUsageKey,verbatim_name,verbatim_index
8953936,"Caiman crocodilus (Linnaeus, 1758)",Caiman crocodilus,SPECIES,ACCEPTED,99,EXACT,Animalia,Chordata,Alligatoridae,Caiman,Caiman crocodilus,1,44,11493978,3238603,5220195,8953936,FALSE,Crocodylia,NA,Caiman crocodilus,1
2441329,"Crocodylus acutus (Cuvier, 1807)",Crocodylus acutus,SPECIES,ACCEPTED,99,EXACT,Animalia,Chordata,Crocodylidae,Crocodylus,Crocodylus acutus,1,44,11493978,5685,2441321,2441329,FALSE,Crocodylia,NA,Crocodylus acutus,2
2468407,"Celestus cyanochloris Cope, 1894",Celestus cyanochloris,SPECIES,ACCEPTED,99,EXACT,Animalia,Chordata,Diploglossidae,Celestus,Celestus cyanochloris,1,44,11592253,9487006,2468363,2468407,FALSE,Squamata,NA,Celestus cyanochloris,3
2468412,"Celestus hylaius Savage & Lips, 1993",Celestus hylaius,SPECIES,ACCEPTED,99,EXACT,Animalia,Chordata,Diploglossidae,Celestus,Celestus hylaius,1,44,11592253,9487006,2468363,2468412,FALSE,Squamata,NA,Celestus hylaius,4
2468366,"Celestus orobius Savage & Lips, 1993",Celestus orobius,SPECIES,ACCEPTED,99,EXACT,Animalia,Chordata,Diploglossidae,Celestus,Celestus orobius,1,44,11592253,9487006,2468363,2468366,FALSE,Squamata,NA,Celestus orobius,5
2468100,"Coloptychon rhombifer (Peters, 1876)",Coloptychon rhombifer,SPECIES,SYNONYM,98,EXACT,Animalia,Chordata,Anguidae,Gerrhonotus,Gerrhonotus rhombifer,1,44,11592253,9198,2468204,2468101,TRUE,Squamata,2468101,Coloptychon rhombifer,6
2468239,"Diploglossus bilobatus (O'Shaughnessy, 1874)",Diploglossus bilobatus,SPECIES,ACCEPTED,99,EXACT,Animalia,Chordata,Diploglossidae,Diploglossus,Diploglossus bilobatus,1,44,11592253,9487006,2468244,2468239,FALSE,Squamata,NA,Diploglossus bilobatus,7
2468222,"Diploglossus monotropis (Kuhl, 1820)",Diploglossus monotropis,SPECIES,ACCEPTED,99,EXACT,Animalia,Chordata,Diploglossidae,Diploglossus,Diploglossus monotropis,1,44,11592253,9487006,2468244,2468222,FALSE,Squamata,NA,Diploglossus monotropis,8
5226573,"Mesaspis monticola (Cope, 1877)",Mesaspis monticola,SPECIES,SYNONYM,98,EXACT,Animalia,Chordata,Anguidae,Abronia,Abronia monticola,1,44,11592253,9198,2468137,11142707,TRUE,Squamata,11142707,Mesaspis monticola,9
5221813,"Basiliscus basiliscus (Linnaeus, 1758)",Basiliscus basiliscus,SPECIES,ACCEPTED,99,EXACT,Animalia,Chordata,Corytophanidae,Basiliscus,Basiliscus basiliscus,1,44,11592253,9454,2448619,5221813,FALSE,Squamata,NA,Basiliscus basiliscus,10
5221810,"Basiliscus plumifrons Cope, 1875",Basiliscus plumifrons,SPECIES,ACCEPTED,97,EXACT,Animalia,Chordata,Corytophanidae,Basiliscus,Basiliscus plumifrons,1,44,11592253,9454,2448619,5221810,FALSE,Squamata,NA,Basiliscus plumifrons,11
5221821,"Basiliscus vittatus Wiegmann, 1828",Basiliscus vittatus,SPECIES,ACCEPTED,99,EXACT,Animalia,Chordata,Corytophanidae,Basiliscus,Basiliscus vittatus,1,44,11592253,9454,2448619,5221821,FALSE,Squamata,NA,Basiliscus vittatus,12
2448667,"Corytophanes cristatus (Merrem, 1820)",Corytophanes cristatus,SPECIES,ACCEPTED,99,EXACT,Animalia,Chordata,Corytophanidae,Corytophanes,Corytophanes cristatus,1,44,11592253,9454,2448663,2448667,FALSE,Squamata,NA,Corytophanes cristatus,13
8102241,"Ctenonotus cristatellus (A.M.C.Duméril & Bibron, 1837)",Ctenonotus cristatellus,SPECIES,SYNONYM,98,EXACT,Animalia,Chordata,Dactyloidae,Anolis,Anolis cristatellus,1,44,11592253,8345926,8782549,2467091,TRUE,Squamata,2467091,Ctenonotus cristatellus,14
2467446,"Dactyloa frenata (Cope, 1899)",Dactyloa frenata,SPECIES,SYNONYM,98,EXACT,Animalia,Chordata,Dactyloidae,Anolis,Anolis frenatus,1,44,11592253,8345926,8782549,2467445,TRUE,Squamata,2467445,Dactyloa frenata,15
7466798,"Dactyloa ibanezi (Poe, Latella, Ryan & Schaad, 2009)",Dactyloa ibanezi,SPECIES,SYNONYM,98,EXACT,Animalia,Chordata,Dactyloidae,Anolis,Anolis ibanezi,1,44,11592253,8345926,8782549,7723318,TRUE,Squamata,7723318,Dactyloa ibanezi,16
2467006,"Dactyloa insignis (Cope, 1871)",Dactyloa insignis,SPECIES,SYNONYM,98,EXACT,Animalia,Chordata,Dactyloidae,Anolis,Anolis insignis,1,44,11592253,8345926,8782549,2467005,TRUE,Squamata,2467005,Dactyloa insignis,17
2467441,"Dactyloa microtus (Cope, 1871)",Dactyloa microtus,SPECIES,SYNONYM,98,EXACT,Animalia,Chordata,Dactyloidae,Anolis,Anolis microtus,1,44,11592253,8345926,8782549,2467439,TRUE,Squamata,2467439,Dactyloa microtus,18
8954310,"Norops alocomyos G.Köhler, Vargas & Lotzkat, 2014-26",Norops alocomyos,SPECIES,SYNONYM,98,EXACT,Animalia,Chordata,Dactyloidae,Anolis,Anolis alocomyos,1,44,11592253,8345926,8782549,9351656,TRUE,Squamata,9351656,Norops alocomyos,19
8433723,"Norops altae (Dunn, 1930)",Norops altae,SPECIES,SYNONYM,98,EXACT,Animalia,Chordata,Dactyloidae,Anolis,Anolis altae,1,44,11592253,8345926,8782549,2467598,TRUE,Squamata,2467598,Norops altae,20
7788810,"Norops aquaticus (Taylor, 1956)",Norops aquaticus,SPECIES,SYNONYM,98,EXACT,Animalia,Chordata,Dactyloidae,Anolis,Anolis aquaticus,1,44,11592253,8345926,8782549,2467563,TRUE,Squamata,2467563,Norops aquaticus,21
7974951,"Norops auratus (Daudin, 1802)",Norops auratus,SPECIES,SYNONYM,98,EXACT,Animalia,Chordata,Dactyloidae,Anolis,Anolis auratus,1,44,11592253,8345926,8782549,9129157,TRUE,Squamata,9129157,Norops auratus,22
7418518,"Norops benedikti (Lotzkat, Bienentreu, Hertz & Köhler, 2011)",Norops benedikti,SPECIES,SYNONYM,98,EXACT,Animalia,Chordata,Dactyloidae,Anolis,Anolis benedikti,1,44,11592253,8345926,8782549,8240798,TRUE,Squamata,8240798,Norops benedikti,23
7694682,"Norops biporcatus (Wiegmann, 1834)",Norops biporcatus,SPECIES,SYNONYM,98,EXACT,Animalia,Chordata,Dactyloidae,Anolis,Anolis biporcatus,1,44,11592253,8345926,8782549,9183537,TRUE,Squamata,9183537,Norops biporcatus,24
8202462,"Norops capito (Peters, 1863)",Norops capito,SPECIES,SYNONYM,98,EXACT,Animalia,Chordata,Dactyloidae,Anolis,Anolis capito,1,44,11592253,8345926,8782549,2467533,TRUE,Squamata,2467533,Norops capito,25
8307237,"Norops carpenteri (Echelle, Echelle & Fitch, 1971)",Norops carpenteri,SPECIES,SYNONYM,98,EXACT,Animalia,Chordata,Dactyloidae,Anolis,Anolis carpenteri,1,44,11592253,8345926,8782549,2467538,TRUE,Squamata,2467538,Norops carpenteri,26
7720789,"Norops cupreus (Hallowell, 1860)",Norops cupreus,SPECIES,SYNONYM,98,EXACT,Animalia,Chordata,Dactyloidae,Anolis,Anolis cupreus,1,44,11592253,8345926,8782549,2467634,TRUE,Squamata,2467634,Norops cupreus,29
7585776,"Norops datzorum (Köhler, Ponce, Sunyer & Batista, 2007)",Norops datzorum,SPECIES,SYNONYM,98,EXACT,Animalia,Chordata,Dactyloidae,Anolis,Anolis datzorum,1,44,11592253,8345926,8782549,8420955,TRUE,Squamata,8420955,Norops datzorum,30
7970161,"Norops fungosus (Myers, 1971)",Norops fungosus,SPECIES,SYNONYM,98,EXACT,Animalia,Chordata,Dactyloidae,Anolis,Anolis fungosus,1,44,11592253,8345926,8782549,2467527,TRUE,Squamata,2467527,Norops fungosus,31
8372880,"Norops humilis (Peters, 1863)",Norops humilis,SPECIES,SYNONYM,98,EXACT,Animalia,Chordata,Dactyloidae,Anolis,Anolis humilis,1,44,11592253,8345926,8782549,2467976,TRUE,Squamata,2467976,Norops humilis,32
7353552,"Norops kemptoni (Dunn, 1940)",Norops kemptoni,SPECIES,SYNONYM,98,EXACT,Animalia,Chordata,Dactyloidae,Anolis,Anolis kemptoni,1,44,11592253,8345926,8782549,2467962,TRUE,Squamata,2467962,Norops kemptoni,34
8808765,"Norops leditzigorum G.Köhler, Vargas & Lotzkat, 2014-26",Norops leditzigorum,SPECIES,SYNONYM,96,FUZZY,Animalia,Chordata,Dactyloidae,Anolis,Anolis leditzigorum,1,44,11592253,8345926,8782549,9542984,TRUE,Squamata,9542984,Norops leditzygorum,35
9822307,"Norops lemurinus (Cope, 1861)",Norops lemurinus,SPECIES,SYNONYM,98,EXACT,Animalia,Chordata,Dactyloidae,Anolis,Anolis lemurinus,1,44,11592253,8345926,8782549,8186516,TRUE,Squamata,8186516,Norops lemurinus,36
9355120,"Norops limifrons (Cope, 1871)",Norops limifrons,SPECIES,SYNONYM,98,EXACT,Animalia,Chordata,Dactyloidae,Anolis,Anolis limifrons,1,44,11592253,8345926,8782549,8967857,TRUE,Squamata,8967857,Norops limifrons,37
7691162,"Norops monteverde (Köhler, 2009)",Norops monteverde,SPECIES,SYNONYM,98,EXACT,Animalia,Chordata,Dactyloidae,Anolis,Anolis monteverde,1,44,11592253,8345926,8782549,7807432,TRUE,Squamata,7807432,Norops monteverde,39
5226534,"Norops oxylophus (Cope, 1876)",Norops oxylophus,SPECIES,SYNONYM,98,EXACT,Animalia,Chordata,Dactyloidae,Anolis,Anolis oxylophus,1,44,11592253,8345926,8782549,2467928,TRUE,Squamata,2467928,Norops oxylophus,41
7452860,"Norops pachypus (Cope, 1876)",Norops pachypus,SPECIES,SYNONYM,98,EXACT,Animalia,Chordata,Dactyloidae,Anolis,Anolis pachypus,1,44,11592253,8345926,8782549,2467675,TRUE,Squamata,2467675,Norops pachypus,42
5226456,"Norops pentaprion (Cope, 1862)",Norops pentaprion,SPECIES,SYNONYM,98,EXACT,Animalia,Chordata,Dactyloidae,Anolis,Anolis pentaprion,1,44,11592253,8345926,8782549,2467720,TRUE,Squamata,2467720,Norops pentaprion,43
7516588,"Norops polylepis (Peyers, 1874)",Norops polylepis,SPECIES,SYNONYM,98,EXACT,Animalia,Chordata,Dactyloidae,Anolis,Anolis polylepis,1,44,11592253,8345926,8782549,2467846,TRUE,Squamata,2467846,Norops polylepis,44
8018747,"Norops quaggulus (Cope, 1885)",Norops quaggulus,SPECIES,SYNONYM,98,EXACT,Animalia,Chordata,Dactyloidae,Anolis,Anolis quaggulus,1,44,11592253,8345926,8782549,2467794,TRUE,Squamata,2467794,Norops quaggulus,45
5226461,"Norops sagrei (Cocteau, 1837)",Norops sagrei,SPECIES,SYNONYM,97,EXACT,Animalia,Chordata,Dactyloidae,Anolis,Anolis sagrei,1,44,11592253,8345926,8782549,10919679,TRUE,Squamata,10919679,Norops sagrei,46
7470849,"Norops salvini (Boulenger, 1885)",Norops salvini,SPECIES,SYNONYM,98,EXACT,Animalia,Chordata,Dactyloidae,Anolis,Anolis salvini,1,44,11592253,8345926,8782549,2467945,TRUE,Squamata,2467945,Norops salvini,47
7656611,"Norops tenorioensis (Köhler, 2011)",Norops tenorioensis,SPECIES,SYNONYM,94,FUZZY,Animalia,Chordata,Dactyloidae,Anolis,Anolis tenorioensis,1,44,11592253,8345926,8782549,7842320,TRUE,Squamata,7842320,Norops tenoriensis,48
7416075,"Norops townsendi (Stejneger, 1900)",Norops townsendi,SPECIES,SYNONYM,98,EXACT,Animalia,Chordata,Dactyloidae,Anolis,Anolis townsendi,1,44,11592253,8345926,8782549,2467604,TRUE,Squamata,2467604,Norops townsendi,49
8190755,"Norops tropidolepis (Boulenger, 1885)",Norops tropidolepis,SPECIES,SYNONYM,98,EXACT,Animalia,Chordata,Dactyloidae,Anolis,Anolis tropidolepis,1,44,11592253,8345926,8782549,2467783,TRUE,Squamata,2467783,Norops tropidolepis,50
8347520,"Norops woodi (Dunn, 1940)",Norops woodi,SPECIES,SYNONYM,98,EXACT,Animalia,Chordata,Dactyloidae,Anolis,Anolis woodi,1,44,11592253,8345926,8782549,2467515,TRUE,Squamata,2467515,Norops woodi,52
2447237,"Coleonyx mitratus (Peters, 1863)",Coleonyx mitratus,SPECIES,ACCEPTED,99,EXACT,Animalia,Chordata,Eublepharidae,Coleonyx,Coleonyx mitratus,1,44,11592253,4287502,2447230,2447237,FALSE,Squamata,NA,Coleonyx mitratus,53
9537238,"Hemidactylus frenatus Duméril & Bibron, 1836",Hemidactylus frenatus,SPECIES,ACCEPTED,97,EXACT,Animalia,Chordata,Gekkonidae,Hemidactylus,Hemidactylus frenatus,1,44,11592253,5666,5221394,9537238,FALSE,Squamata,NA,Hemidactylus frenatus,54
9066541,"Hemidactylus garnotii Duméril & Bibron, 1836",Hemidactylus garnotii,SPECIES,ACCEPTED,99,EXACT,Animalia,Chordata,Gekkonidae,Hemidactylus,Hemidactylus garnotii,1,44,11592253,5666,5221394,9066541,FALSE,Squamata,NA,Hemidactylus garnotii,55
5959942,"Hemidactylus mabouia (Moreau De Jonnès, 1818)",Hemidactylus mabouia,SPECIES,ACCEPTED,99,EXACT,Animalia,Chordata,Gekkonidae,Hemidactylus,Hemidactylus mabouia,1,44,11592253,5666,5221394,5959942,FALSE,Squamata,NA,Hemidactylus mabouia,56
9164170,"Lepidodactylus lugubris (Duméril & Bibron, 1836)",Lepidodactylus lugubris,SPECIES,ACCEPTED,99,EXACT,Animalia,Chordata,Gekkonidae,Lepidodactylus,Lepidodactylus lugubris,1,44,11592253,5666,2447647,9164170,FALSE,Squamata,NA,Lepidodactylus lugubris,57
2450918,"Anadia ocellata Gray, 1845",Anadia ocellata,SPECIES,ACCEPTED,97,EXACT,Animalia,Chordata,Gymnophthalmidae,Anadia,Anadia ocellata,1,44,11592253,3540,2450914,2450918,FALSE,Squamata,NA,Anadia ocellata,58
7851576,"Bachia blairi (Dunn, 1940)",Bachia blairi,SPECIES,ACCEPTED,99,EXACT,Animalia,Chordata,Gymnophthalmidae,Bachia,Bachia blairi,1,44,11592253,3540,2450636,7851576,FALSE,Squamata,NA,Bachia blairi,59
2450891,"Gymnophthalmus speciosus (Hallowell, 1861)",Gymnophthalmus speciosus,SPECIES,ACCEPTED,99,EXACT,Animalia,Chordata,Gymnophthalmidae,Gymnophthalmus,Gymnophthalmus speciosus,1,44,11592253,3540,2450882,2450891,FALSE,Squamata,NA,Gymnophthalmus speciosus,60
5222299,"Leposoma southi Ruthven & Gaige, 1924",Leposoma southi,SPECIES,SYNONYM,98,EXACT,Animalia,Chordata,Gymnophthalmidae,Loxopholis,Loxopholis southi,1,44,11592253,3540,2450471,10802684,TRUE,Squamata,10802684,Leposoma southi,61
5222305,"Potamites apodemus (Uzzell, 1966)",Potamites apodemus,SPECIES,SYNONYM,98,EXACT,Animalia,Chordata,Gymnophthalmidae,Centrosaura,Centrosaura apodema,1,44,11592253,3540,11201690,11117528,TRUE,Squamata,11117528,Potamites apodemus,62
2450611,"Ptychoglossus plicatus (Taylor, 1949)",Ptychoglossus plicatus,SPECIES,ACCEPTED,99,EXACT,Animalia,Chordata,Gymnophthalmidae,Ptychoglossus,Ptychoglossus plicatus,1,44,11592253,3540,2450608,2450611,FALSE,Squamata,NA,Ptychoglossus plicatus,63
2459576,"Ctenosaura quinquecarinata (Gray, 1842)",Ctenosaura quinquecarinata,SPECIES,ACCEPTED,99,EXACT,Animalia,Chordata,Iguanidae,Ctenosaura,Ctenosaura quinquecarinata,1,44,11592253,6935,2459728,2459576,FALSE,Squamata,NA,Ctenosaura quinquecarinata,64
2459603,"Ctenosaura similis (Gray, 1831)",Ctenosaura similis,SPECIES,ACCEPTED,99,EXACT,Animalia,Chordata,Iguanidae,Ctenosaura,Ctenosaura similis,1,44,11592253,6935,2459728,2459603,FALSE,Squamata,NA,Ctenosaura similis,65
2459658,"Iguana iguana (Linnaeus, 1758)",Iguana iguana,SPECIES,ACCEPTED,99,EXACT,Animalia,Chordata,Iguanidae,Iguana,Iguana iguana,1,44,11592253,6935,2459675,2459658,FALSE,Squamata,NA,Iguana iguana,66
2451207,"Sceloporus malachiticus Cope, 1864",Sceloporus malachiticus,SPECIES,ACCEPTED,99,EXACT,Animalia,Chordata,Phrynosomatidae,Sceloporus,Sceloporus malachiticus,1,44,11592253,5016,2451143,2451207,FALSE,Squamata,NA,Sceloporus malachiticus,67
2451344,"Sceloporus squamosus Bocourt, 1874",Sceloporus squamosus,SPECIES,ACCEPTED,99,EXACT,Animalia,Chordata,Phrynosomatidae,Sceloporus,Sceloporus squamosus,1,44,11592253,5016,2451143,2451344,FALSE,Squamata,NA,Sceloporus squamosus,68
2451285,"Sceloporus variabilis Wiegmann, 1834",Sceloporus variabilis,SPECIES,ACCEPTED,99,EXACT,Animalia,Chordata,Phrynosomatidae,Sceloporus,Sceloporus variabilis,1,44,11592253,5016,2451143,2451285,FALSE,Squamata,NA,Sceloporus variabilis,69
5959817,"Phyllodactylus tuberculosus Wiegmann, 1834",Phyllodactylus tuberculosus,SPECIES,ACCEPTED,97,EXACT,Animalia,Chordata,Phyllodactylidae,Phyllodactylus,Phyllodactylus tuberculosus,1,44,11592253,5789853,2446566,5959817,FALSE,Squamata,NA,Phyllodactylus tuberculosus,70
2445829,"Thecadactylus rapicauda (Houttuyn, 1782)",Thecadactylus rapicauda,SPECIES,ACCEPTED,99,EXACT,Animalia,Chordata,Phyllodactylidae,Thecadactylus,Thecadactylus rapicauda,1,44,11592253,5789853,2445827,2445829,FALSE,Squamata,NA,Thecadactylus rapicauda,71
2468054,"Polychrus gutturosus Berthold, 1846",Polychrus gutturosus,SPECIES,ACCEPTED,97,EXACT,Animalia,Chordata,Polychrotidae,Polychrus,Polychrus gutturosus,1,44,11592253,5017,2468047,2468054,FALSE,Squamata,NA,Polychrus gutturosus,72
8123312,"Marisora unimarginata (Cope, 1862)",Marisora unimarginata,SPECIES,ACCEPTED,99,EXACT,Animalia,Chordata,Scincidae,Marisora,Marisora unimarginata,1,44,11592253,9115,7871044,8123312,FALSE,Squamata,NA,Marisora unimarginata,73
2461058,"Mesoscincus managuae (Dunn, 1933)",Mesoscincus managuae,SPECIES,ACCEPTED,99,EXACT,Animalia,Chordata,Scincidae,Mesoscincus,Mesoscincus managuae,1,44,11592253,9115,2461057,2461058,FALSE,Squamata,NA,Mesoscincus managuae,74
2464415,"Scincella cherriei (Cope, 1893)",Scincella cherriei,SPECIES,ACCEPTED,99,EXACT,Animalia,Chordata,Scincidae,Scincella,Scincella cherriei,1,44,11592253,9115,2461335,2464415,FALSE,Squamata,NA,Scincella cherriei,75
2447609,"Gonatodes albogularis (Duméril & Bibron, 1836)",Gonatodes albogularis,SPECIES,ACCEPTED,99,EXACT,Animalia,Chordata,Sphaerodactylidae,Gonatodes,Gonatodes albogularis,1,44,11592253,5789478,2447589,2447609,FALSE,Squamata,NA,Gonatodes albogularis,76
9600574,"Lepidoblepharis xanthostigma (Noble, 1916)",Lepidoblepharis xanthostigma,SPECIES,ACCEPTED,99,EXACT,Animalia,Chordata,Sphaerodactylidae,Lepidoblepharis,Lepidoblepharis xanthostigma,1,44,11592253,5789478,2446440,9600574,FALSE,Squamata,NA,Lepidoblepharis xanthostigma,77
2445368,"Sphaerodactylus graptolaemus Harris & Kluge, 1984",Sphaerodactylus graptolaemus,SPECIES,ACCEPTED,99,EXACT,Animalia,Chordata,Sphaerodactylidae,Sphaerodactylus,Sphaerodactylus graptolaemus,1,44,11592253,5789478,8827334,2445368,FALSE,Squamata,NA,Sphaerodactylus graptolaemus,78
2445282,"Sphaerodactylus homolepis Cope, 1886",Sphaerodactylus homolepis,SPECIES,ACCEPTED,99,EXACT,Animalia,Chordata,Sphaerodactylidae,Sphaerodactylus,Sphaerodactylus homolepis,1,44,11592253,5789478,8827334,2445282,FALSE,Squamata,NA,Sphaerodactylus homolepis,79
2445345,"Sphaerodactylus millepunctatus (Hallowell, 1861)",Sphaerodactylus millepunctatus,SPECIES,ACCEPTED,99,EXACT,Animalia,Chordata,Sphaerodactylidae,Sphaerodactylus,Sphaerodactylus millepunctatus,1,44,11592253,5789478,8827334,2445345,FALSE,Squamata,NA,Sphaerodactylus millepunctatus,80
2445257,"Sphaerodactylus pacificus Stejneger, 1903",Sphaerodactylus pacificus,SPECIES,ACCEPTED,99,EXACT,Animalia,Chordata,Sphaerodactylidae,Sphaerodactylus,Sphaerodactylus pacificus,1,44,11592253,5789478,8827334,2445257,FALSE,Squamata,NA,Sphaerodactylus pacificus,81
7836710,"Holcosus festivus (Lichtenstein & Martens, 1856)",Holcosus festivus,SPECIES,ACCEPTED,99,EXACT,Animalia,Chordata,Teiidae,Holcosus,Holcosus festivus,1,44,11592253,5019,2471939,7836710,FALSE,Squamata,NA,Holcosus festivus,82
8098417,"Holcosus leptophrys (Cope, 1893)",Holcosus leptophrys,SPECIES,ACCEPTED,99,EXACT,Animalia,Chordata,Teiidae,Holcosus,Holcosus leptophrys,1,44,11592253,5019,2471939,8098417,FALSE,Squamata,NA,Holcosus leptophrys,83
8309399,"Holcosus quadrilineatus (Hallowell, 1861)",Holcosus quadrilineatus,SPECIES,ACCEPTED,99,EXACT,Animalia,Chordata,Teiidae,Holcosus,Holcosus quadrilineatus,1,44,11592253,5019,2471939,8309399,FALSE,Squamata,NA,Holcosus quadrilineatus,85
9415528,"Holcosus undulatus (Wiegmann, 1834)",Holcosus undulatus,SPECIES,ACCEPTED,99,EXACT,Animalia,Chordata,Teiidae,Holcosus,Holcosus undulatus,1,44,11592253,5019,2471939,9415528,FALSE,Squamata,NA,Holcosus undulatus,86
2472280,"Aspidoscelis deppii (Wiegmann, 1834)",Aspidoscelis deppii,SPECIES,ACCEPTED,96,FUZZY,Animalia,Chordata,Teiidae,Aspidoscelis,Aspidoscelis deppii,1,44,11592253,5019,2472006,2472280,FALSE,Squamata,NA,Aspidoscelis deppeii,87
2451749,"Lepidophyma flavimaculatum Duméril, 1851",Lepidophyma flavimaculatum,SPECIES,ACCEPTED,97,EXACT,Animalia,Chordata,Xantusiidae,Lepidophyma,Lepidophyma flavimaculatum,1,44,11592253,5025,2451745,2451749,FALSE,Squamata,NA,Lepidophyma flavimaculatum,88
2451746,"Lepidophyma reticulatum Taylor, 1955",Lepidophyma reticulatum,SPECIES,ACCEPTED,99,EXACT,Animalia,Chordata,Xantusiidae,Lepidophyma,Lepidophyma reticulatum,1,44,11592253,5025,2451745,2451746,FALSE,Squamata,NA,Lepidophyma reticulatum,89
11225470,"Anomalepis mexicanus Jan In Jan & Sordelli, 1860-1866",Anomalepis mexicanus,SPECIES,SYNONYM,98,EXACT,Animalia,Chordata,Anomalepididae,Anomalepis,Anomalepis mexicana,1,44,11592253,4287901,2460761,2460764,TRUE,Squamata,2460764,Anomalepis mexicanus,90
2460809,"Helminthophis frontalis (Peters, 1860)",Helminthophis frontalis,SPECIES,ACCEPTED,99,EXACT,Animalia,Chordata,Anomalepididae,Helminthophis,Helminthophis frontalis,1,44,11592253,4287901,2460808,2460809,FALSE,Squamata,NA,Helminthophis frontalis,91
2460784,"Liotyphlops albirostris (Peters, 1858)",Liotyphlops albirostris,SPECIES,ACCEPTED,99,EXACT,Animalia,Chordata,Anomalepididae,Liotyphlops,Liotyphlops albirostris,1,44,11592253,4287901,2460776,2460784,FALSE,Squamata,NA,Liotyphlops albirostris,92
2464915,"Boa imperator Daudin, 1803",Boa imperator,SPECIES,ACCEPTED,99,EXACT,Animalia,Chordata,Boidae,Boa,Boa imperator,1,44,11592253,2464897,2444141,2464915,FALSE,Squamata,NA,Boa imperator,93
2464957,"Corallus annulatus (Cope, 1875)",Corallus annulatus,SPECIES,ACCEPTED,99,EXACT,Animalia,Chordata,Boidae,Corallus,Corallus annulatus,1,44,11592253,2464897,2464939,2464957,FALSE,Squamata,NA,Corallus annulatus,94
2464942,"Corallus ruschenbergerii (Cope, 1875)",Corallus ruschenbergerii,SPECIES,ACCEPTED,99,EXACT,Animalia,Chordata,Boidae,Corallus,Corallus ruschenbergerii,1,44,11592253,2464897,2464939,2464942,FALSE,Squamata,NA,Corallus ruschenbergerii,95
2465191,"Epicrates maurus Gray, 1849",Epicrates maurus,SPECIES,ACCEPTED,99,EXACT,Animalia,Chordata,Boidae,Epicrates,Epicrates maurus,1,44,11592253,2464897,2465190,2465191,FALSE,Squamata,NA,Epicrates maurus,96
2450366,"Ungaliophis panamensis Schmidt, 1933",Ungaliophis panamensis,SPECIES,ACCEPTED,99,EXACT,Animalia,Chordata,Boidae,Ungaliophis,Ungaliophis panamensis,1,44,11592253,2464897,2450363,2450366,FALSE,Squamata,NA,Ungaliophis panamensis,97
2457302,"Chironius exoletus (Linnaeus, 1758)",Chironius exoletus,SPECIES,ACCEPTED,99,EXACT,Animalia,Chordata,Colubridae,Chironius,Chironius exoletus,1,44,11592253,6172,2457244,2457302,FALSE,Squamata,NA,Chironius exoletus,98
2457275,"Chironius flavopictus (Werner, 1909)",Chironius flavopictus,SPECIES,ACCEPTED,99,EXACT,Animalia,Chordata,Colubridae,Chironius,Chironius flavopictus,1,44,11592253,6172,2457244,2457275,FALSE,Squamata,NA,Chironius flavopictus,99
2457313,"Chironius grandisquamis (Peters, 1869)",Chironius grandisquamis,SPECIES,ACCEPTED,99,EXACT,Animalia,Chordata,Colubridae,Chironius,Chironius grandisquamis,1,44,11592253,6172,2457244,2457313,FALSE,Squamata,NA,Chironius grandisquamis,100
9215457,"Coluber mentovarius (Duméril, Bibron & Duméril, 1854)",Coluber mentovarius,SPECIES,SYNONYM,98,EXACT,Animalia,Chordata,Colubridae,Masticophis,Masticophis mentovarius,1,44,11592253,6172,2452132,2452151,TRUE,Squamata,2452151,Coluber mentovarius,101
7882252,"Dendrophidion apharocybe Cadle, 2012",Dendrophidion apharocybe,SPECIES,ACCEPTED,99,EXACT,Animalia,Chordata,Colubridae,Dendrophidion,Dendrophidion apharocybe,1,44,11592253,6172,2452593,7882252,FALSE,Squamata,NA,Dendrophidion apharocybe,102
2452599,"Dendrophidion clarkii Dunn, 1933",Dendrophidion clarkii,SPECIES,ACCEPTED,93,FUZZY,Animalia,Chordata,Colubridae,Dendrophidion,Dendrophidion clarkii,1,44,11592253,6172,2452593,2452599,FALSE,Squamata,NA,Dendrophidion clarckii,103
8215549,"Dendrophidion crybelum Cadle, 2012",Dendrophidion crybelum,SPECIES,ACCEPTED,99,EXACT,Animalia,Chordata,Colubridae,Dendrophidion,Dendrophidion crybelum,1,44,11592253,6172,2452593,8215549,FALSE,Squamata,NA,Dendrophidion crybelum,104
2452608,"Dendrophidion paucicarinatum (Cope, 1894)",Dendrophidion paucicarinatum,SPECIES,ACCEPTED,99,EXACT,Animalia,Chordata,Colubridae,Dendrophidion,Dendrophidion paucicarinatum,1,44,11592253,6172,2452593,2452608,FALSE,Squamata,NA,Dendrophidion paucicarinatum,105
2452602,"Dendrophidion percarinatum (Cope, 1893)",Dendrophidion percarinatum,SPECIES,ACCEPTED,99,EXACT,Animalia,Chordata,Colubridae,Dendrophidion,Dendrophidion percarinatum,1,44,11592253,6172,2452593,2452602,FALSE,Squamata,NA,Dendrophidion percarinatum,106
7797312,"Dendrophidion rufiterminorum Cadle & Savage, 2012",Dendrophidion rufiterminorum,SPECIES,ACCEPTED,99,EXACT,Animalia,Chordata,Colubridae,Dendrophidion,Dendrophidion rufiterminorum,1,44,11592253,6172,2452593,7797312,FALSE,Squamata,NA,Dendrophidion rufiterminorum,107
2452321,"Drymarchon melanurus (Duméril, Bibron & Duméril, 1854)",Drymarchon melanurus,SPECIES,ACCEPTED,99,EXACT,Animalia,Chordata,Colubridae,Drymarchon,Drymarchon melanurus,1,44,11592253,6172,2452316,2452321,FALSE,Squamata,NA,Drymarchon melanurus,108
2454857,"Drymobius margaritiferus (Schlegel, 1837)",Drymobius margaritiferus,SPECIES,ACCEPTED,99,EXACT,Animalia,Chordata,Colubridae,Drymobius,Drymobius margaritiferus,1,44,11592253,6172,9070547,2454857,FALSE,Squamata,NA,Drymobius margaritiferus,109
2454855,"Drymobius melanotropis (Cope, 1875)",Drymobius melanotropis,SPECIES,ACCEPTED,99,EXACT,Animalia,Chordata,Colubridae,Drymobius,Drymobius melanotropis,1,44,11592253,6172,9070547,2454855,FALSE,Squamata,NA,Drymobius melanotropis,110
2454849,"Drymobius rhombifer (Günther, 1860)",Drymobius rhombifer,SPECIES,ACCEPTED,99,EXACT,Animalia,Chordata,Colubridae,Drymobius,Drymobius rhombifer,1,44,11592253,6172,9070547,2454849,FALSE,Squamata,NA,Drymobius rhombifer,111
9366139,"Lampropeltis abnorma (Bocourt, 1886)",Lampropeltis abnorma,SPECIES,ACCEPTED,95,FUZZY,Animalia,Chordata,Colubridae,Lampropeltis,Lampropeltis abnorma,1,44,11592253,6172,9391215,9366139,FALSE,Squamata,NA,Lampropeltis abnormal,112
5224527,"Lampropeltis micropholis Cope, 1860",Lampropeltis micropholis,SPECIES,ACCEPTED,99,EXACT,Animalia,Chordata,Colubridae,Lampropeltis,Lampropeltis micropholis,1,44,11592253,6172,9391215,5224527,FALSE,Squamata,NA,Lampropeltis micropholis,113
5224503,"Lampropeltis triangulum (Lacépède, 1789)",Lampropeltis triangulum,SPECIES,ACCEPTED,99,EXACT,Animalia,Chordata,Colubridae,Lampropeltis,Lampropeltis triangulum,1,44,11592253,6172,9391215,5224503,FALSE,Squamata,NA,Lampropeltis triangulum,114
2456949,"Leptodrymus pulcherrimus (Cope, 1874)",Leptodrymus pulcherrimus,SPECIES,ACCEPTED,99,EXACT,Animalia,Chordata,Colubridae,Leptodrymus,Leptodrymus pulcherrimus,1,44,11592253,6172,2456948,2456949,FALSE,Squamata,NA,Leptodrymus pulcherrimus,115
10362429,"Leptophis ahaetulla (Linnaeus, 1758)",Leptophis ahaetulla,SPECIES,ACCEPTED,97,EXACT,Animalia,Chordata,Colubridae,Leptophis,Leptophis ahaetulla,1,44,11592253,6172,2453157,10362429,FALSE,Squamata,NA,Leptophis ahaetulla,116
5959535,"Leptophis depressirostris (Cope, 1861)",Leptophis depressirostris,SPECIES,ACCEPTED,99,EXACT,Animalia,Chordata,Colubridae,Leptophis,Leptophis depressirostris,1,44,11592253,6172,2453157,5959535,FALSE,Squamata,NA,Leptophis depressirostris,117
5959548,"Leptophis mexicanus Duméril, Bibron & Duméril, 1854",Leptophis mexicanus,SPECIES,ACCEPTED,99,EXACT,Animalia,Chordata,Colubridae,Leptophis,Leptophis mexicanus,1,44,11592253,6172,2453157,5959548,FALSE,Squamata,NA,Leptophis mexicanus,118
5959528,"Leptophis nebulosus Oliver, 1942",Leptophis nebulosus,SPECIES,ACCEPTED,99,EXACT,Animalia,Chordata,Colubridae,Leptophis,Leptophis nebulosus,1,44,11592253,6172,2453157,5959528,FALSE,Squamata,NA,Leptophis nebulosus,119
5959545,"Leptophis riveti Despax, 1910",Leptophis riveti,SPECIES,ACCEPTED,99,EXACT,Animalia,Chordata,Colubridae,Leptophis,Leptophis riveti,1,44,11592253,6172,2453157,5959545,FALSE,Squamata,NA,Leptophis riveti,120
2456151,"Mastigodryas melanolomus (Cope, 1868)",Mastigodryas melanolomus,SPECIES,ACCEPTED,99,EXACT,Animalia,Chordata,Colubridae,Mastigodryas,Mastigodryas melanolomus,1,44,11592253,6172,2456150,2456151,FALSE,Squamata,NA,Mastigodryas melanolomus,121
2453632,"Oxybelis aeneus (Wagler, 1824)",Oxybelis aeneus,SPECIES,ACCEPTED,99,EXACT,Animalia,Chordata,Colubridae,Oxybelis,Oxybelis aeneus,1,44,11592253,6172,2453623,2453632,FALSE,Squamata,NA,Oxybelis aeneus,122
2453629,"Oxybelis brevirostris (Cope, 1861)",Oxybelis brevirostris,SPECIES,ACCEPTED,99,EXACT,Animalia,Chordata,Colubridae,Oxybelis,Oxybelis brevirostris,1,44,11592253,6172,2453623,2453629,FALSE,Squamata,NA,Oxybelis brevirostris,123
2453625,"Oxybelis fulgidus (Daudin, 1803)",Oxybelis fulgidus,SPECIES,ACCEPTED,99,EXACT,Animalia,Chordata,Colubridae,Oxybelis,Oxybelis fulgidus,1,44,11592253,6172,2453623,2453625,FALSE,Squamata,NA,Oxybelis fulgidus,124
2456580,"Phrynonax poecilonotus (Günther, 1858)",Phrynonax poecilonotus,SPECIES,ACCEPTED,99,EXACT,Animalia,Chordata,Colubridae,Phrynonax,Phrynonax poecilonotus,1,44,11592253,6172,2457006,2456580,FALSE,Squamata,NA,Phrynonax poecilonotus,125
2452971,"Rhinobothryum bovallii (Andersson, 1916)",Rhinobothryum bovallii,SPECIES,ACCEPTED,99,EXACT,Animalia,Chordata,Colubridae,Rhinobothryum,Rhinobothryum bovallii,1,44,11592253,6172,2452970,2452971,FALSE,Squamata,NA,Rhinobothryum bovallii,126
2457084,"Scaphiodontophis venustissimus (Günther, 1894)",Scaphiodontophis venustissimus,SPECIES,ACCEPTED,99,EXACT,Animalia,Chordata,Colubridae,Scaphiodontophis,Scaphiodontophis venustissimus,1,44,11592253,6172,2457069,2457084,FALSE,Squamata,NA,Scaphiodontophis venustissimus,127
2458989,"Scolecophis atrocinctus (Schlegel, 1837)",Scolecophis atrocinctus,SPECIES,ACCEPTED,99,EXACT,Animalia,Chordata,Colubridae,Scolecophis,Scolecophis atrocinctus,1,44,11592253,6172,2458988,2458989,FALSE,Squamata,NA,Scolecophis atrocinctus,128
2453638,"Senticolis triaspis (Cope, 1866)",Senticolis triaspis,SPECIES,ACCEPTED,99,EXACT,Animalia,Chordata,Colubridae,Senticolis,Senticolis triaspis,1,44,11592253,6172,2453637,2453638,FALSE,Squamata,NA,Senticolis triaspis,129
9195230,"Spilotes pullatus (Linnaeus, 1758)",Spilotes pullatus,SPECIES,ACCEPTED,99,EXACT,Animalia,Chordata,Colubridae,Spilotes,Spilotes pullatus,1,44,11592253,6172,2457193,9195230,FALSE,Squamata,NA,Spilotes pullatus,130
2455347,"Stenorrhina degenhardtii (Berthold, 1846)",Stenorrhina degenhardtii,SPECIES,ACCEPTED,99,EXACT,Animalia,Chordata,Colubridae,Stenorrhina,Stenorrhina degenhardtii,1,44,11592253,6172,2455346,2455347,FALSE,Squamata,NA,Stenorrhina degenhardtii,131
2455351,"Stenorrhina freminvillei (Duméril, Bibron & Duméril, 1854)",Stenorrhina freminvillei,SPECIES,ACCEPTED,96,FUZZY,Animalia,Chordata,Colubridae,Stenorrhina,Stenorrhina freminvillei,1,44,11592253,6172,2455346,2455351,FALSE,Squamata,NA,Stenorrhina freminvillii,132
2456449,"Tantilla alticola (Boulenger, 1903)",Tantilla alticola,SPECIES,ACCEPTED,99,EXACT,Animalia,Chordata,Colubridae,Tantilla,Tantilla alticola,1,44,11592253,6172,2456378,2456449,FALSE,Squamata,NA,Tantilla alticola,133
2456406,"Tantilla armillata Cope, 1875",Tantilla armillata,SPECIES,ACCEPTED,99,EXACT,Animalia,Chordata,Colubridae,Tantilla,Tantilla armillata,1,44,11592253,6172,2456378,2456406,FALSE,Squamata,NA,Tantilla armillata,134
2456442,"Tantilla reticulata (Cope, 1860)",Tantilla reticulata,SPECIES,ACCEPTED,99,EXACT,Animalia,Chordata,Colubridae,Tantilla,Tantilla reticulata,1,44,11592253,6172,2456378,2456442,FALSE,Squamata,NA,Tantilla reticulata,135
2456504,"Tantilla ruficeps (Cope, 1894)",Tantilla ruficeps,SPECIES,ACCEPTED,99,EXACT,Animalia,Chordata,Colubridae,Tantilla,Tantilla ruficeps,1,44,11592253,6172,2456378,2456504,FALSE,Squamata,NA,Tantilla ruficeps,136
8625723,"Tantilla schistosa (Bocourt, 1883)",Tantilla schistosa,SPECIES,ACCEPTED,99,EXACT,Animalia,Chordata,Colubridae,Tantilla,Tantilla schistosa,1,44,11592253,6172,2456378,8625723,FALSE,Squamata,NA,Tantilla schistosa,137
2456390,"Tantilla supracincta (Peters, 1863)",Tantilla supracincta,SPECIES,ACCEPTED,99,EXACT,Animalia,Chordata,Colubridae,Tantilla,Tantilla supracincta,1,44,11592253,6172,2456378,2456390,FALSE,Squamata,NA,Tantilla supracincta,138
2456518,"Tantilla vermiformis (Hallowell, 1861)",Tantilla vermiformis,SPECIES,ACCEPTED,99,EXACT,Animalia,Chordata,Colubridae,Tantilla,Tantilla vermiformis,1,44,11592253,6172,2456378,2456518,FALSE,Squamata,NA,Tantilla vermiformis,139
2455934,"Trimorphodon quadruplex Smith, 1941",Trimorphodon quadruplex,SPECIES,ACCEPTED,99,EXACT,Animalia,Chordata,Colubridae,Trimorphodon,Trimorphodon quadruplex,1,44,11592253,6172,2457182,2455934,FALSE,Squamata,NA,Trimorphodon quadruplex,140
2452196,"Amastridium veliferum Cope, 1861",Amastridium veliferum,SPECIES,ACCEPTED,99,EXACT,Animalia,Chordata,Colubridae,Amastridium,Amastridium veliferum,1,44,11592253,6172,2452195,2452196,FALSE,Squamata,NA,Amastridium veliferum,141
8876700,"Clelia clelia (Daudin, 1803)",Clelia clelia,SPECIES,ACCEPTED,99,EXACT,Animalia,Chordata,Colubridae,Clelia,Clelia clelia,1,44,11592253,6172,2453883,8876700,FALSE,Squamata,NA,Clelia clelia,142
5223222,"Clelia equatoriana (Amaral, 1924)",Clelia equatoriana,SPECIES,ACCEPTED,99,EXACT,Animalia,Chordata,Colubridae,Clelia,Clelia equatoriana,1,44,11592253,6172,2453883,5223222,FALSE,Squamata,NA,Clelia equatoriana,143
5223235,"Clelia scytalina (Cope, 1867)",Clelia scytalina,SPECIES,ACCEPTED,99,EXACT,Animalia,Chordata,Colubridae,Clelia,Clelia scytalina,1,44,11592253,6172,2453883,5223235,FALSE,Squamata,NA,Clelia scytalina,144
2455442,"Coniophanes bipunctatus (Günther, 1858)",Coniophanes bipunctatus,SPECIES,ACCEPTED,99,EXACT,Animalia,Chordata,Colubridae,Coniophanes,Coniophanes bipunctatus,1,44,11592253,6172,2455411,2455442,FALSE,Squamata,NA,Coniophanes bipunctatus,145
2455447,"Coniophanes fissidens (Günther, 1858)",Coniophanes fissidens,SPECIES,ACCEPTED,99,EXACT,Animalia,Chordata,Colubridae,Coniophanes,Coniophanes fissidens,1,44,11592253,6172,2455411,2455447,FALSE,Squamata,NA,Coniophanes fissidens,146
2455421,"Coniophanes piceivittis Cope, 1870",Coniophanes piceivittis,SPECIES,ACCEPTED,93,FUZZY,Animalia,Chordata,Colubridae,Coniophanes,Coniophanes piceivittis,1,44,11592253,6172,2455411,2455421,FALSE,Squamata,NA,Coniophanes piceivittus,147
9480336,"Conophis lineatus (Duméril, Bibron & Duméril, 1854)",Conophis lineatus,SPECIES,ACCEPTED,99,EXACT,Animalia,Chordata,Colubridae,Conophis,Conophis lineatus,1,44,11592253,6172,2457024,9480336,FALSE,Squamata,NA,Conophis lineatus,148
2452966,"Crisantophis nevermanni (Dunn, 1937)",Crisantophis nevermanni,SPECIES,ACCEPTED,99,EXACT,Animalia,Chordata,Colubridae,Crisantophis,Crisantophis nevermanni,1,44,11592253,6172,2452965,2452966,FALSE,Squamata,NA,Crisantophis nevermanni,149
5223456,"Dipsas articulata (Cope, 1868)",Dipsas articulata,SPECIES,ACCEPTED,99,EXACT,Animalia,Chordata,Colubridae,Dipsas,Dipsas articulata,1,44,11592253,6172,2454658,5223456,FALSE,Squamata,NA,Dipsas articulata,150
5223489,"Dipsas bicolor (Günther, 1895)",Dipsas bicolor,SPECIES,ACCEPTED,99,EXACT,Animalia,Chordata,Colubridae,Dipsas,Dipsas bicolor,1,44,11592253,6172,2454658,5223489,FALSE,Squamata,NA,Dipsas bicolor,151
5223414,"Dipsas tenuissima Taylor, 1954",Dipsas tenuissima,SPECIES,ACCEPTED,99,EXACT,Animalia,Chordata,Colubridae,Dipsas,Dipsas tenuissima,1,44,11592253,6172,2454658,5223414,FALSE,Squamata,NA,Dipsas tenuissima,152
2459446,"Enulius flavitorques (Cope, 1868)",Enulius flavitorques,SPECIES,ACCEPTED,99,EXACT,Animalia,Chordata,Colubridae,Enulius,Enulius flavitorques,1,44,11592253,6172,2459442,2459446,FALSE,Squamata,NA,Enulius flavitorques,153
2453880,"Enulius sclateri (Boulenger, 1894)",Enulius sclateri,SPECIES,SYNONYM,98,EXACT,Animalia,Chordata,Colubridae,Enuliophis,Enuliophis sclateri,1,44,11592253,6172,2453876,2453877,TRUE,Squamata,2453877,Enulius sclateri,154
7368688,"Erythrolamprus bizona Jan, 1863",Erythrolamprus bizona,SPECIES,ACCEPTED,99,EXACT,Animalia,Chordata,Colubridae,Erythrolamprus,Erythrolamprus bizona,1,44,11592253,6172,8213297,7368688,FALSE,Squamata,NA,Erythrolamprus bizona,155
2456083,"Erythrolamprus mimus (Cope, 1868)",Erythrolamprus mimus,SPECIES,ACCEPTED,99,EXACT,Animalia,Chordata,Colubridae,Erythrolamprus,Erythrolamprus mimus,1,44,11592253,6172,8213297,2456083,FALSE,Squamata,NA,Erythrolamprus mimus,156
2453681,"Geophis brachycephalus (Cope, 1871)",Geophis brachycephalus,SPECIES,ACCEPTED,99,EXACT,Animalia,Chordata,Colubridae,Geophis,Geophis brachycephalus,1,44,11592253,6172,2457023,2453681,FALSE,Squamata,NA,Geophis brachycephalus,157
2453717,"Geophis downsi Savage, 1981",Geophis downsi,SPECIES,ACCEPTED,99,EXACT,Animalia,Chordata,Colubridae,Geophis,Geophis downsi,1,44,11592253,6172,2457023,2453717,FALSE,Squamata,NA,Geophis downsi,158
2453695,"Geophis godmani Boulenger, 1894",Geophis godmani,SPECIES,ACCEPTED,99,EXACT,Animalia,Chordata,Colubridae,Geophis,Geophis godmani,1,44,11592253,6172,2457023,2453695,FALSE,Squamata,NA,Geophis godmani,159
2453740,"Geophis hoffmanni (Peters, 1859)",Geophis hoffmanni,SPECIES,ACCEPTED,99,EXACT,Animalia,Chordata,Colubridae,Geophis,Geophis hoffmanni,1,44,11592253,6172,2457023,2453740,FALSE,Squamata,NA,Geophis hoffmanni,160
2453661,"Geophis ruthveni Werner, 1925",Geophis ruthveni,SPECIES,ACCEPTED,99,EXACT,Animalia,Chordata,Colubridae,Geophis,Geophis ruthveni,1,44,11592253,6172,2457023,2453661,FALSE,Squamata,NA,Geophis ruthveni,161
2453664,"Geophis talamancae Lips & Savage, 1994",Geophis talamancae,SPECIES,ACCEPTED,99,EXACT,Animalia,Chordata,Colubridae,Geophis,Geophis talamancae,1,44,11592253,6172,2457023,2453664,FALSE,Squamata,NA,Geophis talamancae,162
2453704,"Geophis zeledoni Taylor, 1954",Geophis zeledoni,SPECIES,ACCEPTED,99,EXACT,Animalia,Chordata,Colubridae,Geophis,Geophis zeledoni,1,44,11592253,6172,2457023,2453704,FALSE,Squamata,NA,Geophis zeledoni,163
2457188,"Hydromorphus concolor Peters, 1859",Hydromorphus concolor,SPECIES,ACCEPTED,99,EXACT,Animalia,Chordata,Colubridae,Hydromorphus,Hydromorphus concolor,1,44,11592253,6172,2457186,2457188,FALSE,Squamata,NA,Hydromorphus concolor,164
8960303,"Imantodes cenchoa (Linnaeus, 1758)",Imantodes cenchoa,SPECIES,ACCEPTED,99,EXACT,Animalia,Chordata,Colubridae,Imantodes,Imantodes cenchoa,1,44,11592253,6172,2458655,8960303,FALSE,Squamata,NA,Imantodes cenchoa,165
8914796,"Imantodes gemmistratus (Cope, 1861)",Imantodes gemmistratus,SPECIES,ACCEPTED,99,EXACT,Animalia,Chordata,Colubridae,Imantodes,Imantodes gemmistratus,1,44,11592253,6172,2458655,8914796,FALSE,Squamata,NA,Imantodes gemmistratus,166
2458676,"Imantodes inornatus (Boulenger, 1896)",Imantodes inornatus,SPECIES,ACCEPTED,99,EXACT,Animalia,Chordata,Colubridae,Imantodes,Imantodes inornatus,1,44,11592253,6172,2458655,2458676,FALSE,Squamata,NA,Imantodes inornatus,167
2454954,"Leptodeira annulata (Linnaeus, 1758)",Leptodeira annulata,SPECIES,ACCEPTED,99,EXACT,Animalia,Chordata,Colubridae,Leptodeira,Leptodeira annulata,1,44,11592253,6172,2454945,2454954,FALSE,Squamata,NA,Leptodeira annulata,168
2454967,"Leptodeira nigrofasciata Günther, 1868",Leptodeira nigrofasciata,SPECIES,ACCEPTED,97,EXACT,Animalia,Chordata,Colubridae,Leptodeira,Leptodeira nigrofasciata,1,44,11592253,6172,2454945,2454967,FALSE,Squamata,NA,Leptodeira nigrofasciata,169
2454946,"Leptodeira rubricata (Cope, 1893)",Leptodeira rubricata,SPECIES,ACCEPTED,99,EXACT,Animalia,Chordata,Colubridae,Leptodeira,Leptodeira rubricata,1,44,11592253,6172,2454945,2454946,FALSE,Squamata,NA,Leptodeira rubricata,170
4820169,"Leptodeira rhombifera Günther, 1872",Leptodeira rhombifera,SPECIES,ACCEPTED,97,EXACT,Animalia,Chordata,Colubridae,Leptodeira,Leptodeira rhombifera,1,44,11592253,6172,2454945,4820169,FALSE,Squamata,NA,Leptodeira rhombifera,171
2454275,"Liophis epinephalus Cope, 1862",Liophis epinephalus,SPECIES,SYNONYM,98,EXACT,Animalia,Chordata,Colubridae,Erythrolamprus,Erythrolamprus epinephalus,1,44,11592253,6172,8213297,11139186,TRUE,Squamata,11139186,Liophis epinephalus,172
5223586,"Ninia celata Mccranie & Wilson, 1995",Ninia celata,SPECIES,ACCEPTED,99,EXACT,Animalia,Chordata,Colubridae,Ninia,Ninia celata,1,44,11592253,6172,2455154,5223586,FALSE,Squamata,NA,Ninia celata,173
5223605,"Ninia maculata (Peters, 1861)",Ninia maculata,SPECIES,ACCEPTED,99,EXACT,Animalia,Chordata,Colubridae,Ninia,Ninia maculata,1,44,11592253,6172,2455154,5223605,FALSE,Squamata,NA,Ninia maculata,174
5223587,"Ninia psephota (Cope, 1875)",Ninia psephota,SPECIES,ACCEPTED,99,EXACT,Animalia,Chordata,Colubridae,Ninia,Ninia psephota,1,44,11592253,6172,2455154,5223587,FALSE,Squamata,NA,Ninia psephota,175
5223600,"Ninia sebae (Duméril, Bibron & Duméril, 1854)",Ninia sebae,SPECIES,ACCEPTED,99,EXACT,Animalia,Chordata,Colubridae,Ninia,Ninia sebae,1,44,11592253,6172,2455154,5223600,FALSE,Squamata,NA,Ninia sebae,176
2454435,"Nothopsis rugosus Cope, 1871",Nothopsis rugosus,SPECIES,ACCEPTED,99,EXACT,Animalia,Chordata,Colubridae,Nothopsis,Nothopsis rugosus,1,44,11592253,6172,2454434,2454435,FALSE,Squamata,NA,Nothopsis rugosus,177
2454989,"Oxyrhopus petolarius (Linnaeus, 1758)",Oxyrhopus petolarius,SPECIES,ACCEPTED,99,EXACT,Animalia,Chordata,Colubridae,Oxyrhopus,Oxyrhopus petolarius,1,44,11592253,6172,2454982,2454989,FALSE,Squamata,NA,Oxyrhopus petolarius,178
5959334,"Rhadinaea calligaster (Cope, 1875)",Rhadinaea calligaster,SPECIES,ACCEPTED,99,EXACT,Animalia,Chordata,Colubridae,Rhadinaea,Rhadinaea calligaster,1,44,11592253,6172,2454237,5959334,FALSE,Squamata,NA,Rhadinaea calligaster,179
5959354,"Rhadinaea decorata (Günther, 1858)",Rhadinaea decorata,SPECIES,ACCEPTED,99,EXACT,Animalia,Chordata,Colubridae,Rhadinaea,Rhadinaea decorata,1,44,11592253,6172,2454237,5959354,FALSE,Squamata,NA,Rhadinaea decorata,180
8915090,"Rhadinaea godmani (Günther, 1865)",Rhadinaea godmani,SPECIES,SYNONYM,98,EXACT,Animalia,Chordata,Colubridae,Rhadinella,Rhadinella godmani,1,44,11592253,6172,2453881,7493911,TRUE,Squamata,7493911,Rhadinaea godmani,181
5959370,"Rhadinaea pulveriventris Boulenger, 1896",Rhadinaea pulveriventris,SPECIES,ACCEPTED,99,EXACT,Animalia,Chordata,Colubridae,Rhadinaea,Rhadinaea pulveriventris,1,44,11592253,6172,2454237,5959370,FALSE,Squamata,NA,Rhadinaea pulveriventris,182
5959367,"Rhadinaea serperaster Cope, 1871",Rhadinaea serperaster,SPECIES,SYNONYM,98,EXACT,Animalia,Chordata,Colubridae,Rhadinella,Rhadinella serperaster,1,44,11592253,6172,2453881,8304867,TRUE,Squamata,8304867,Rhadinaea serperaster,183
2454957,"Sibon annulatus (Günther, 1872)",Sibon annulatus,SPECIES,ACCEPTED,99,EXACT,Animalia,Chordata,Colubridae,Sibon,Sibon annulatus,1,44,11592253,6172,2458225,2454957,FALSE,Squamata,NA,Sibon annulatus,184
2458229,"Sibon anthracops (Cope, 1868)",Sibon anthracops,SPECIES,ACCEPTED,99,EXACT,Animalia,Chordata,Colubridae,Sibon,Sibon anthracops,1,44,11592253,6172,2458225,2458229,FALSE,Squamata,NA,Sibon anthracops,185
2458250,"Sibon argus (Cope, 1875)",Sibon argus,SPECIES,ACCEPTED,99,EXACT,Animalia,Chordata,Colubridae,Sibon,Sibon argus,1,44,11592253,6172,2458225,2458250,FALSE,Squamata,NA,Sibon argus,186
2458279,"Sibon dimidiatus (Günther, 1872)",Sibon dimidiatus,SPECIES,ACCEPTED,99,EXACT,Animalia,Chordata,Colubridae,Sibon,Sibon dimidiatus,1,44,11592253,6172,2458225,2458279,FALSE,Squamata,NA,Sibon dimidiatus,187
2458246,"Sibon lamari Solorzano, 2001",Sibon lamari,SPECIES,ACCEPTED,99,EXACT,Animalia,Chordata,Colubridae,Sibon,Sibon lamari,1,44,11592253,6172,2458225,2458246,FALSE,Squamata,NA,Sibon lamari,188
2458226,"Sibon longifrenis (Stejneger, 1909)",Sibon longifrenis,SPECIES,ACCEPTED,99,EXACT,Animalia,Chordata,Colubridae,Sibon,Sibon longifrenis,1,44,11592253,6172,2458225,2458226,FALSE,Squamata,NA,Sibon longifrenis,189
2458237,"Sibon nebulatus (Linnaeus, 1758)",Sibon nebulatus,SPECIES,ACCEPTED,99,EXACT,Animalia,Chordata,Colubridae,Sibon,Sibon nebulatus,1,44,11592253,6172,2458225,2458237,FALSE,Squamata,NA,Sibon nebulatus,190
5959405,"Siphlophis compressus (Daudin, 1803)",Siphlophis compressus,SPECIES,ACCEPTED,99,EXACT,Animalia,Chordata,Colubridae,Siphlophis,Siphlophis compressus,1,44,11592253,6172,2455013,5959405,FALSE,Squamata,NA,Siphlophis compressus,191
2452130,"Tretanorhinus nigroluteus Cope, 1861",Tretanorhinus nigroluteus,SPECIES,ACCEPTED,99,EXACT,Animalia,Chordata,Colubridae,Tretanorhinus,Tretanorhinus nigroluteus,1,44,11592253,6172,2452121,2452130,FALSE,Squamata,NA,Tretanorhinus nigroluteus,192
2453923,"Trimetopon barbouri Dunn, 1930",Trimetopon barbouri,SPECIES,ACCEPTED,99,EXACT,Animalia,Chordata,Colubridae,Trimetopon,Trimetopon barbouri,1,44,11592253,6172,2453919,2453923,FALSE,Squamata,NA,Trimetopon barbouri,193
2453920,"Trimetopon gracile (Günther, 1872)",Trimetopon gracile,SPECIES,ACCEPTED,99,EXACT,Animalia,Chordata,Colubridae,Trimetopon,Trimetopon gracile,1,44,11592253,6172,2453919,2453920,FALSE,Squamata,NA,Trimetopon gracile,194
2453925,"Trimetopon pliolepis Cope, 1894",Trimetopon pliolepis,SPECIES,ACCEPTED,99,EXACT,Animalia,Chordata,Colubridae,Trimetopon,Trimetopon pliolepis,1,44,11592253,6172,2453919,2453925,FALSE,Squamata,NA,Trimetopon pliolepis,195
2453926,"Trimetopon simile Dunn, 1930",Trimetopon simile,SPECIES,ACCEPTED,99,EXACT,Animalia,Chordata,Colubridae,Trimetopon,Trimetopon simile,1,44,11592253,6172,2453919,2453926,FALSE,Squamata,NA,Trimetopon simile,196
2453924,"Trimetopon slevini Dunn, 1940",Trimetopon slevini,SPECIES,ACCEPTED,99,EXACT,Animalia,Chordata,Colubridae,Trimetopon,Trimetopon slevini,1,44,11592253,6172,2453919,2453924,FALSE,Squamata,NA,Trimetopon slevini,197
2453922,"Trimetopon viquezi Dunn, 1937",Trimetopon viquezi,SPECIES,ACCEPTED,99,EXACT,Animalia,Chordata,Colubridae,Trimetopon,Trimetopon viquezi,1,44,11592253,6172,2453919,2453922,FALSE,Squamata,NA,Trimetopon viquezi,198
2456597,"Tropidodipsas sartorii Cope, 1863",Tropidodipsas sartorii,SPECIES,ACCEPTED,99,EXACT,Animalia,Chordata,Colubridae,Tropidodipsas,Tropidodipsas sartorii,1,44,11592253,6172,2456586,2456597,FALSE,Squamata,NA,Tropidodipsas sartorii,199
5223267,"Urotheca decipiens (Günther, 1893)",Urotheca decipiens,SPECIES,ACCEPTED,99,EXACT,Animalia,Chordata,Colubridae,Urotheca,Urotheca decipiens,1,44,11592253,6172,2454043,5223267,FALSE,Squamata,NA,Urotheca decipiens,200
5223641,"Urotheca euryzona (Cope, 1862)",Urotheca euryzona,SPECIES,SYNONYM,98,EXACT,Animalia,Chordata,Colubridae,Pliocercus,Pliocercus euryzonus,1,44,11592253,6172,7475430,2455397,TRUE,Squamata,2455397,Urotheca euryzona,201
5223270,"Urotheca fulviceps (Cope, 1886)",Urotheca fulviceps,SPECIES,ACCEPTED,99,EXACT,Animalia,Chordata,Colubridae,Urotheca,Urotheca fulviceps,1,44,11592253,6172,2454043,5223270,FALSE,Squamata,NA,Urotheca fulviceps,202
5223280,"Urotheca guentheri (Dunn, 1938)",Urotheca guentheri,SPECIES,ACCEPTED,99,EXACT,Animalia,Chordata,Colubridae,Urotheca,Urotheca guentheri,1,44,11592253,6172,2454043,5223280,FALSE,Squamata,NA,Urotheca guentheri,203
5223273,"Urotheca myersi Savage & Lahanas, 1989",Urotheca myersi,SPECIES,ACCEPTED,99,EXACT,Animalia,Chordata,Colubridae,Urotheca,Urotheca myersi,1,44,11592253,6172,2454043,5223273,FALSE,Squamata,NA,Urotheca myersi,204
5223269,"Urotheca pachyura (Cope, 1875)",Urotheca pachyura,SPECIES,ACCEPTED,99,EXACT,Animalia,Chordata,Colubridae,Urotheca,Urotheca pachyura,1,44,11592253,6172,2454043,5223269,FALSE,Squamata,NA,Urotheca pachyura,205
5959581,"Xenodon rabdocephalus (Wied-Neuwied, 1824)",Xenodon rabdocephalus,SPECIES,ACCEPTED,99,EXACT,Animalia,Chordata,Colubridae,Xenodon,Xenodon rabdocephalus,1,44,11592253,6172,2453021,5959581,FALSE,Squamata,NA,Xenodon rabdocephalus,206
9342283,"Thamnophis marcianus (Baird & Girard, 1853)",Thamnophis marcianus,SPECIES,ACCEPTED,99,EXACT,Animalia,Chordata,Colubridae,Thamnophis,Thamnophis marcianus,1,44,11592253,6172,2457825,9342283,FALSE,Squamata,NA,Thamnophis marcianus,207
2457575,"Thamnophis proximus (Say, 1823)",Thamnophis proximus,SPECIES,ACCEPTED,99,EXACT,Animalia,Chordata,Colubridae,Thamnophis,Thamnophis proximus,1,44,11592253,6172,2457825,2457575,FALSE,Squamata,NA,Thamnophis proximus,208
5226858,"Micrurus alleni Schmidt, 1936",Micrurus alleni,SPECIES,ACCEPTED,99,EXACT,Animalia,Chordata,Elapidae,Micrurus,Micrurus alleni,1,44,11592253,9455,8941741,5226858,FALSE,Squamata,NA,Micrurus alleni,209
5226893,"Micrurus clarki Schmidt, 1936",Micrurus clarki,SPECIES,ACCEPTED,99,EXACT,Animalia,Chordata,Elapidae,Micrurus,Micrurus clarki,1,44,11592253,9455,8941741,5226893,FALSE,Squamata,NA,Micrurus clarki,210
5226883,"Micrurus mipartitus (Duméril, Bibron & Duméril, 1854)",Micrurus mipartitus,SPECIES,ACCEPTED,99,EXACT,Animalia,Chordata,Elapidae,Micrurus,Micrurus mipartitus,1,44,11592253,9455,8941741,5226883,FALSE,Squamata,NA,Micrurus mipartitus,211
7758880,"Micrurus mosquitensis Schmidt, 1933",Micrurus mosquitensis,SPECIES,ACCEPTED,99,EXACT,Animalia,Chordata,Elapidae,Micrurus,Micrurus mosquitensis,1,44,11592253,9455,8941741,7758880,FALSE,Squamata,NA,Micrurus mosquitensis,212
5226844,"Micrurus nigrocinctus (Girard, 1854)",Micrurus nigrocinctus,SPECIES,ACCEPTED,99,EXACT,Animalia,Chordata,Elapidae,Micrurus,Micrurus nigrocinctus,1,44,11592253,9455,8941741,5226844,FALSE,Squamata,NA,Micrurus nigrocinctus,213
7674056,"Hydrophis platurus (Linnaeus, 1766)",Hydrophis platurus,SPECIES,ACCEPTED,96,FUZZY,Animalia,Chordata,Elapidae,Hydrophis,Hydrophis platurus,1,44,11592253,9455,9206453,7674056,FALSE,Squamata,NA,Hydrophis platura,214
8938982,"Epictia ater Taylor, 1940",Epictia ater,SPECIES,ACCEPTED,99,EXACT,Animalia,Chordata,Leptotyphlopidae,Epictia,Epictia ater,1,44,11592253,6931,2448585,8938982,FALSE,Squamata,NA,Epictia ater,215
2448616,"Loxocemus bicolor Cope, 1861",Loxocemus bicolor,SPECIES,ACCEPTED,99,EXACT,Animalia,Chordata,Loxocemidae,Loxocemus,Loxocemus bicolor,1,44,11592253,3533,2448615,2448616,FALSE,Squamata,NA,Loxocemus bicolor,216
9398143,"Amerotyphlops costaricensis (Jimenez & Savage, 1963)",Amerotyphlops costaricensis,SPECIES,ACCEPTED,99,EXACT,Animalia,Chordata,Typhlopidae,Amerotyphlops,Amerotyphlops costaricensis,1,44,11592253,5021,8488604,9398143,FALSE,Squamata,NA,Amerotyphlops costaricensis,217
9241783,"Agkistrodon howardgloydi Conant, 1984",Agkistrodon howardgloydi,SPECIES,ACCEPTED,99,EXACT,Animalia,Chordata,Viperidae,Agkistrodon,Agkistrodon howardgloydi,1,44,11592253,5024,2444622,9241783,FALSE,Squamata,NA,Agkistrodon howardgloydi,218
5960842,"Atropoides mexicanus (Duméril, Bibron & Duméril, 1854)",Atropoides mexicanus,SPECIES,SYNONYM,98,EXACT,Animalia,Chordata,Viperidae,Metlapilcoatlus,Metlapilcoatlus mexicanus,1,44,11592253,5024,11175467,11151347,TRUE,Squamata,11151347,Atropoides mexicanus,219
2444133,"Atropoides picadoi (Dunn, 1939)",Atropoides picadoi,SPECIES,ACCEPTED,99,EXACT,Animalia,Chordata,Viperidae,Atropoides,Atropoides picadoi,1,44,11592253,5024,2444129,2444133,FALSE,Squamata,NA,Atropoides picadoi,220
2444663,"Bothriechis lateralis Peters, 1862",Bothriechis lateralis,SPECIES,ACCEPTED,99,EXACT,Animalia,Chordata,Viperidae,Bothriechis,Bothriechis lateralis,1,44,11592253,5024,2444662,2444663,FALSE,Squamata,NA,Bothriechis lateralis,221
2444670,"Bothriechis nigroviridis Peters, 1859",Bothriechis nigroviridis,SPECIES,ACCEPTED,99,EXACT,Animalia,Chordata,Viperidae,Bothriechis,Bothriechis nigroviridis,1,44,11592253,5024,2444662,2444670,FALSE,Squamata,NA,Bothriechis nigroviridis,222
8605112,"Bothriechis nubestris Doan, Mason, Castoe, Sasa & Parkinson, 2016",Bothriechis nubestris,SPECIES,ACCEPTED,99,EXACT,Animalia,Chordata,Viperidae,Bothriechis,Bothriechis nubestris,1,44,11592253,5024,2444662,8605112,FALSE,Squamata,NA,Bothriechis nubestris,223
2444681,"Bothriechis schlegelii (Berthold, 1846)",Bothriechis schlegelii,SPECIES,ACCEPTED,99,EXACT,Animalia,Chordata,Viperidae,Bothriechis,Bothriechis schlegelii,1,44,11592253,5024,2444662,2444681,FALSE,Squamata,NA,Bothriechis schlegelii,224
2444684,"Bothriechis supraciliaris (Taylor, 1954)",Bothriechis supraciliaris,SPECIES,ACCEPTED,99,EXACT,Animalia,Chordata,Viperidae,Bothriechis,Bothriechis supraciliaris,1,44,11592253,5024,2444662,2444684,FALSE,Squamata,NA,Bothriechis supraciliaris,225
5220796,"Bothrops asper (Garman, 1883)",Bothrops asper,SPECIES,ACCEPTED,97,EXACT,Animalia,Chordata,Viperidae,Bothrops,Bothrops asper,1,44,11592253,5024,9064312,5220796,FALSE,Squamata,NA,Bothrops asper,226
7937135,"Cerrophidion sasai Jadin, Townsend, Castoe & Campbell, 2012",Cerrophidion sasai,SPECIES,ACCEPTED,99,EXACT,Animalia,Chordata,Viperidae,Cerrophidion,Cerrophidion sasai,1,44,11592253,5024,2444896,7937135,FALSE,Squamata,NA,Cerrophidion sasai,227
8421777,"Crotalus simus Latreille, 1801",Crotalus simus,SPECIES,ACCEPTED,97,EXACT,Animalia,Chordata,Viperidae,Crotalus,Crotalus simus,1,44,11592253,5024,2444354,8421777,FALSE,Squamata,NA,Crotalus simus,228
5221064,"Lachesis melanocephala Solórzano & Cerdas, 1986",Lachesis melanocephala,SPECIES,ACCEPTED,99,EXACT,Animalia,Chordata,Viperidae,Lachesis,Lachesis melanocephala,1,44,11592253,5024,2444916,5221064,FALSE,Squamata,NA,Lachesis melanocephala,229
5221067,"Lachesis stenophrys Cope, 1875",Lachesis stenophrys,SPECIES,ACCEPTED,95,FUZZY,Animalia,Chordata,Viperidae,Lachesis,Lachesis stenophrys,1,44,11592253,5024,2444916,5221067,FALSE,Squamata,NA,Lachesis stenophris,230
2444260,"Porthidium nasutum (Bocourt, 1868)",Porthidium nasutum,SPECIES,ACCEPTED,99,EXACT,Animalia,Chordata,Viperidae,Porthidium,Porthidium nasutum,1,44,11592253,5024,2444258,2444260,FALSE,Squamata,NA,Porthidium nasutum,231
2444272,"Porthidium ophryomegas (Bocourt, 1868)",Porthidium ophryomegas,SPECIES,ACCEPTED,99,EXACT,Animalia,Chordata,Viperidae,Porthidium,Porthidium ophryomegas,1,44,11592253,5024,2444258,2444272,FALSE,Squamata,NA,Porthidium ophryomegas,232
2444303,"Porthidium porrasi Lamar, 2003",Porthidium porrasi,SPECIES,ACCEPTED,99,EXACT,Animalia,Chordata,Viperidae,Porthidium,Porthidium porrasi,1,44,11592253,5024,2444258,2444303,FALSE,Squamata,NA,Porthidium porrasi,233
8388421,"Porthidium volcanicum Solorzano, 1995",Porthidium volcanicum,SPECIES,ACCEPTED,99,EXACT,Animalia,Chordata,Viperidae,Porthidium,Porthidium volcanicum,1,44,11592253,5024,2444258,8388421,FALSE,Squamata,NA,Porthidium volcanicum,234
8894817,"Caretta caretta (Linnaeus, 1758)",Caretta caretta,SPECIES,ACCEPTED,99,EXACT,Animalia,Chordata,Cheloniidae,Caretta,Caretta caretta,1,44,11418114,9413,2442177,8894817,FALSE,Testudines,NA,Caretta caretta,235
5220372,"Chelonia agassizii Bocourt, 1868",Chelonia agassizii,SPECIES,SYNONYM,98,EXACT,Animalia,Chordata,Cheloniidae,Chelonia,Chelonia mydas,1,44,11418114,9413,2441864,2442225,TRUE,Testudines,2442225,Chelonia agassizii,236
2442225,"Chelonia mydas (Linnaeus, 1758)",Chelonia mydas,SPECIES,ACCEPTED,97,EXACT,Animalia,Chordata,Cheloniidae,Chelonia,Chelonia mydas,1,44,11418114,9413,2441864,2442225,FALSE,Testudines,NA,Chelonia mydas,237
8841716,"Eretmochelys imbricata (Linnaeus, 1766)",Eretmochelys imbricata,SPECIES,ACCEPTED,99,EXACT,Animalia,Chordata,Cheloniidae,Eretmochelys,Eretmochelys imbricata,1,44,11418114,9413,2442206,8841716,FALSE,Testudines,NA,Eretmochelys imbricata,238
2442153,"Lepidochelys olivacea (Eschscholtz, 1829)",Lepidochelys olivacea,SPECIES,ACCEPTED,99,EXACT,Animalia,Chordata,Cheloniidae,Lepidochelys,Lepidochelys olivacea,1,44,11418114,9413,2442152,2442153,FALSE,Testudines,NA,Lepidochelys olivacea,239
8330787,"Chelydra acutirostris Peters, 1862",Chelydra acutirostris,SPECIES,ACCEPTED,99,EXACT,Animalia,Chordata,Chelydridae,Chelydra,Chelydra acutirostris,1,44,11418114,5462,2441904,8330787,FALSE,Testudines,NA,Chelydra acutirostris,240
2443630,"Rhinoclemmys annulata (Gray, 1860)",Rhinoclemmys annulata,SPECIES,ACCEPTED,99,EXACT,Animalia,Chordata,Geoemydidae,Rhinoclemmys,Rhinoclemmys annulata,1,44,11418114,5463,2443624,2443630,FALSE,Testudines,NA,Rhinoclemmys annulata,241
2443625,"Rhinoclemmys funerea (Cope, 1875)",Rhinoclemmys funerea,SPECIES,ACCEPTED,99,EXACT,Animalia,Chordata,Geoemydidae,Rhinoclemmys,Rhinoclemmys funerea,1,44,11418114,5463,2443624,2443625,FALSE,Testudines,NA,Rhinoclemmys funerea,242
2443680,"Rhinoclemmys pulcherrima (Gray, 1855)",Rhinoclemmys pulcherrima,SPECIES,ACCEPTED,99,EXACT,Animalia,Chordata,Geoemydidae,Rhinoclemmys,Rhinoclemmys pulcherrima,1,44,11418114,5463,2443624,2443680,FALSE,Testudines,NA,Rhinoclemmys pulcherrima,243
2443026,"Trachemys emolli (Legler, 1990)",Trachemys emolli,SPECIES,ACCEPTED,99,EXACT,Animalia,Chordata,Emydidae,Trachemys,Trachemys emolli,1,44,11418114,5465,2442941,2443026,FALSE,Testudines,NA,Trachemys emolli,244
2443040,"Trachemys venusta (Gray, 1855)",Trachemys venusta,SPECIES,ACCEPTED,99,EXACT,Animalia,Chordata,Emydidae,Trachemys,Trachemys venusta,1,44,11418114,5465,2442941,2443040,FALSE,Testudines,NA,Trachemys venusta,245
2442448,"Kinosternon angustipons Legler, 1965",Kinosternon angustipons,SPECIES,ACCEPTED,99,EXACT,Animalia,Chordata,Kinosternidae,Kinosternon,Kinosternon angustipons,1,44,11418114,5466,2442349,2442448,FALSE,Testudines,NA,Kinosternon angustipons,246
2442350,"Kinosternon leucostomum (Duméril, Bibron & Duméril, 1851)",Kinosternon leucostomum,SPECIES,ACCEPTED,99,EXACT,Animalia,Chordata,Kinosternidae,Kinosternon,Kinosternon leucostomum,1,44,11418114,5466,2442349,2442350,FALSE,Testudines,NA,Kinosternon leucostomum,247
2442361,"Kinosternon scorpioides (Linnaeus, 1766)",Kinosternon scorpioides,SPECIES,ACCEPTED,99,EXACT,Animalia,Chordata,Kinosternidae,Kinosternon,Kinosternon scorpioides,1,44,11418114,5466,2442349,2442361,FALSE,Testudines,NA,Kinosternon scorpioides,248
